,average,median,standard deviation,total number
0,156583.22222222222,139819.5,66052.18330591651,72.0
