,average,median,standard deviation,total number
0,53277.583333333336,44196.5,33417.28608850266,72.0
