,average,median,standard deviation,total number
0,55662.02777777778,45395.5,35614.73019652754,72.0
