,average,median,standard deviation,total number
0,163215.55555555556,124073.5,143766.25799133204,72.0
