,average,median,standard deviation,total number
0,52297.36111111111,44284.5,25219.102406214904,72.0
