,average,median,standard deviation,total number
0,62754.444444444445,54242.5,29334.032477410987,72.0
