,average,median,standard deviation,total number
0,53027.51388888889,37754.0,54186.43685231395,72.0
