,average,median,standard deviation,total number
0,1182820.6666666667,1064370.0,322661.5078213631,6.0
