,average,median,standard deviation,total number
0,175632.58333333334,165939.5,61427.03680965962,72.0
