,average,median,standard deviation,total number
0,81963.37096774194,46881.5,191336.83248078957,62.0
