,average,median,standard deviation,total number
0,133058.11111111112,115925.0,65305.10755900499,72.0
