,average,median,standard deviation,total number
0,499679.74358974356,527228.0,220113.84855776024,39.0
