,average,median,standard deviation,total number
0,135050.18055555556,118041.0,98079.54705823206,72.0
